rank,asin,url,title,brand,price,price_text,rating,review_count,date_first_available_raw,style_category,fit_type,sleeve_type,color_variant_count
1,B0BVFNPSGN,https://www.amazon.com/dp/B0BVFNPSGN,Trendy Queen Womens Short Sleeve T Shirts - Buttery Soft Summer Crop Tops Slim Fit Y2k Basic Tees for Workout,Trendy Queen,9.99,$9.99,4.5,5543,"February 10, 2023",Crop Top,Fitted/Slim,Crop,13
2,B0CYC5GDYP,https://www.amazon.com/dp/B0CYC5GDYP,Trendy Queen Womens Stretchy Soft Opaque Basic T Shirts - Slim Fit Short Sleeve Y2k Cute Summer Crop Workout Tops,Trendy Queen,7.99,$7.99,4.5,4228,"March 18, 2024",Crop Top,Fitted/Slim,Crop,13
3,B0G3WJZNZN,https://www.amazon.com/dp/B0G3WJZNZN,Zeagoo Womens Tops Summer Casual Cap Sleeve Tshirts Shirts Business Dressy Spring Fashion Outfits Trendy Clothes,Zeagoo,6.79,$6.79,4.6,721,"November 25, 2025",Basic / Essential Tee,Regular,Short Sleeve,12
4,B0BPYCHYP9,https://www.amazon.com/dp/B0BPYCHYP9,Trendy Queen Womens Oversized Summer T Shirts Plus Size Spring Cute Casual Tops Short Sleeves Fashion Workout Clothes,Trendy Queen,8.49,$8.49,4.5,6825,"December 13, 2022",Oversized / Relaxed Fit,Loose/Oversized,Short Sleeve,13
5,B0DJJMW21W,https://www.amazon.com/dp/B0DJJMW21W,ANRABESS Womens Short Sleeve Henley Tops V Neck Dressy Casual Blouses Summer Trendy Tee Shirts 2026 Vacation Fashion Clothes,ANRABESS,9.99,$9.99,4.5,9807,"November 19, 2024",V-Neck T-Shirt,Regular,Short Sleeve,13
6,B07762TMMM,https://www.amazon.com/dp/B07762TMMM,"Amazon Essentials Women's Regular-Fit Short-Sleeve T-Shirt (Crewneck and V-Neck Options), Multipacks",Amazon Essentials,11.3,$11.30,4.4,110858,"October 7, 2025",V-Neck T-Shirt,Regular,Short Sleeve,14
7,B0DQYB2HNW,https://www.amazon.com/dp/B0DQYB2HNW,Trendy Queen Womens Off the Shoulder Tops Oversized T-Shirts Short Sleeve Tees Summer 2026 Casual Spring Clothes,Trendy Queen,12.99,$12.99,4.4,1627,"December 19, 2024",Oversized / Relaxed Fit,Loose/Oversized,Short Sleeve,13
8,B07611Y7N7,https://www.amazon.com/dp/B07611Y7N7,"Gildan Adult Ultra Cotton T-Shirt, Style G2000, Multipack",Gildan,10.25,$10.25,4.5,111192,"August 17, 2021",Basic / Essential Tee,Regular,Short Sleeve,12
9,B0D31745W4,https://www.amazon.com/dp/B0D31745W4,AUTOMET Womens V Neck T Shirts Spring Summer Cap Sleeve Basic Tees Trendy Cute Tops for Work Dressy Casual Beach Vacation,AUTOMET,7.98,$7.98,4.5,3097,"March 19, 2024",V-Neck T-Shirt,Regular,Short Sleeve,13
10,B0DPQ9MVL5,https://www.amazon.com/dp/B0DPQ9MVL5,Alaroo Womens Summer Tops Short Sleeve Shirts Crew Neck Tshirt Cute Trendy Tunic Blouses (S-3XL),Alaroo,7.98,$7.98,4.4,3289,"February 12, 2026",Basic / Essential Tee,Plus Size,Short Sleeve,11
11,B0DHXBBW26,https://www.amazon.com/dp/B0DHXBBW26,ANRABESS Women Short Sleeve Tops Scoop Neck Ribbed Knit Slim Fitted Basic Tee Shirt Casual Summer Clothes 2026 Spring Outfits,ANRABESS,8.99,$8.99,4.6,3280,"September 25, 2024",Scoop Neck Tee,Fitted/Slim,Short Sleeve,13
12,B0CXPJ575D,https://www.amazon.com/dp/B0CXPJ575D,Kumufenc Women Short Sleeve Workout Shirts Open Back Tops Casual Yoga Y2k Athletic Gym Slouchy Crop Running Tees,Kumufenc,13.01,$13.01,4.5,1847,"March 11, 2024",Crop Top,Regular,Crop,13
13,B0DHS2DKYP,https://www.amazon.com/dp/B0DHS2DKYP,SAMPEEL Womens Summer Tops Trendy 2025 Ruched Cap Short Sleeve Tshirts Shirts Crew Neck T Shirts Fashion,Sampeel,8.99,$8.99,4.5,4059,"December 29, 2024",Basic / Essential Tee,Regular,Short Sleeve,10
14,B09SNTBDKQ,https://www.amazon.com/dp/B09SNTBDKQ,"AUTOMET Women's Soft Basic Short Sleeve T-Shirt, Round Neck Tops Summer Casual Tee for Spring Shirts Clothes Everyday Wear",AUTOMET,7.99,$7.99,4.5,5565,"September 4, 2023",Basic / Essential Tee,Regular,Short Sleeve,13
15,B0FN7QGW7D,https://www.amazon.com/dp/B0FN7QGW7D,WIHOLL Womens Tops Short Sleeve Shirts Summer Outfits 2026 Spring Dressy Casual Clothes Clothing,WIHOLL,7.99,$7.99,4.4,381,"October 31, 2025",Other T-Shirt,Regular,Short Sleeve,12
16,B0CRV8WNS8,https://www.amazon.com/dp/B0CRV8WNS8,AUTOMET T-Shirts Short Sleeve V Neck Tees Tops for Women Fashion Trendy Lightweight Soft Casual Summer Outfits Clothes 2026,AUTOMET,8.99,$8.99,4.4,4603,"January 9, 2024",V-Neck T-Shirt,Regular,Short Sleeve,13
17,B0DPQBJ1DW,https://www.amazon.com/dp/B0DPQBJ1DW,Alaroo Womens Summer Tops Short Sleeve Shirts Crew Neck Cute Trendy Tunic Blouses (S-3XL),Alaroo,9.99,$9.99,4.4,5407,"January 16, 2025",Other T-Shirt,Plus Size,Short Sleeve,11
18,B0FR89HZVT,https://www.amazon.com/dp/B0FR89HZVT,WIHOLL Womens Summer Tops Short Petal Sleeve Shirts Fashion V Neck Womens Clothing,WIHOLL,7.99,$7.99,4.4,468,"September 16, 2025",Other T-Shirt,Regular,Short Sleeve,12
19,B0CYZM5RSM,https://www.amazon.com/dp/B0CYZM5RSM,ANRABESS Women Long Sleeve Shirts Rib Knit Slim Fit Tops Basic Tee 2025 Fall Outfits Casual T-Shirt Underscrubs Layer Clothes,ANRABESS,12.99,$12.99,4.6,9612,"March 25, 2024",Long Sleeve T-Shirt,Fitted/Slim,Long Sleeve,13
20,B0DKNS1P6C,https://www.amazon.com/dp/B0DKNS1P6C,WIHOLL Womens Summer Tops Short Sleeve Basic Casual V Neck T Shirts Trendy Fashion 2026,WIHOLL,9.99,$9.99,4.4,1734,"October 23, 2024",V-Neck T-Shirt,Regular,Short Sleeve,12
21,B0FN49GXWR,https://www.amazon.com/dp/B0FN49GXWR,WIHOLL Womens Blouses Spring Tops Short Sleeve Shirts Dressy Casual Summer Vacation Fashion Clothing 2026,WIHOLL,8.49,$8.49,4.4,507,"November 14, 2025",Other T-Shirt,Regular,Short Sleeve,12
22,B0CQSQT3JT,https://www.amazon.com/dp/B0CQSQT3JT,Trendy Queen Double Lined Short Sleeve Tshirts for Women Square Neck Cute Crop Top Spring Summer Basic Tees Workout Going Out,Trendy Queen,9.99,$9.99,4.5,2824,"December 22, 2023",Crop Top,Regular,Crop,13
23,B0CXJHCVHZ,https://www.amazon.com/dp/B0CXJHCVHZ,"Cotton Basic T Shirts for Women,Crew Neck Short Sleeve Summer Shirts,Solid Loose Fit Tshirt, Plain Workout Tops, Undershirts",BJY,9.99,$9.99,4.2,1865,"June 12, 2024",Oversized / Relaxed Fit,Loose/Oversized,Short Sleeve,13
24,B0F599HNQS,https://www.amazon.com/dp/B0F599HNQS,PRETTYGARDEN Womens Long Sleeve Shirts 2026 Spring Crop Going Out Tops Casual Boat Neck Bell Sleeve Ribbed Ruched Y2K Clothes,PRETTYGARDEN,9.99,$9.99,4.3,3512,"June 10, 2025",Long Sleeve T-Shirt,Regular,Long Sleeve,13
25,B0G4GHZPK7,https://www.amazon.com/dp/B0G4GHZPK7,Zeagoo Womens Summer Tops Rolled Short Sleeve V Neck Shirts Casual Dressy Business Work Blouses Outfits,Zeagoo,9.99,$9.99,4.4,1234,"November 13, 2025",V-Neck T-Shirt,Regular,Short Sleeve,13
26,B09QFPZ4JN,https://www.amazon.com/dp/B09QFPZ4JN,Sovelen Women's Summer Casual Crewneck Batwing Half Sleeve T-Shirts Solid Color Loose Fit Cute Basic Flowy Tops Tees Blouses,Sovelen,14.99,$14.99,4.0,3517,"April 17, 2021",Oversized / Relaxed Fit,Loose/Oversized,Short Sleeve,9
27,B0FRMBG9DP,https://www.amazon.com/dp/B0FRMBG9DP,WIHOLL Womens Summer Tops Color Block Short Sleeve Raglan Shirts Spring Fashion Clothes Vacation Outfits,WIHOLL,9.99,$9.99,4.6,437,"November 21, 2025",Other T-Shirt,Regular,Short Sleeve,12
28,B0D2Y5S7LS,https://www.amazon.com/dp/B0D2Y5S7LS,AUTOMET Women's Cap Sleeve Tops for Summer - Soft Stretchy Versatile Shirts for Office Casual Date Everyday Wear,AUTOMET,7.99,$7.99,4.4,4911,"April 16, 2024",Basic / Essential Tee,Regular,Short Sleeve,13
29,B0DK8HZS6P,https://www.amazon.com/dp/B0DK8HZS6P,ANRABESS Women Tops Cap Sleeve Dressy Casual V Neck Shirts 2026 Summer Business Work Blouses Outfits Trendy Spring Clothing,ANRABESS,9.99,$9.99,4.4,2737,"December 2, 2024",Other T-Shirt,Regular,Short Sleeve,13
30,B08RMSWHQN,https://www.amazon.com/dp/B08RMSWHQN,WIHOLL Womens Summer T-Shirts Short Sleeve V Neck Dolman Tops with Side Shirring Loose Fit Shirts Spring Fashion,WIHOLL,7.99,$7.99,4.4,11345,"November 16, 2021",V-Neck T-Shirt,Loose/Oversized,Short Sleeve,12
31,B0FR9FLQZP,https://www.amazon.com/dp/B0FR9FLQZP,WIHOLL Womens Summer Tops Short Sleeve Shirts Square Neck Spring Outfits 2026 Fashion Clothing Blouses,WIHOLL,9.99,$9.99,4.4,391,"November 19, 2025",Other T-Shirt,Regular,Short Sleeve,11
32,B0FR4WQW5L,https://www.amazon.com/dp/B0FR4WQW5L,WIHOLL Summer Tops for Women Puff Sleeve Crewneck T Shirts Dressy Casual Blouses Spring Outfits Fashion Clothes,WIHOLL,8.99,$8.99,4.4,354,"November 22, 2025",Other T-Shirt,Regular,Short Sleeve,12
33,B0D2HTXRZF,https://www.amazon.com/dp/B0D2HTXRZF,T Shirts Short Sleeve V Neck Tees Womens Tops Beach Vacation Fashion Clothes 2026 Casual Summer Spring Fall Outfits,EyMuse,8.99,$8.99,4.4,5090,"April 23, 2024",V-Neck T-Shirt,Regular,Short Sleeve,11
34,B0GHRJJMGL,https://www.amazon.com/dp/B0GHRJJMGL,Zeagoo Womens Tshirt Short Sleeve Summer Tops Crewneck Casual Basic Tee Shirts Spring Clothes Trendy Outfit,Zeagoo,8.99,$8.99,4.4,200,"February 26, 2026",Basic / Essential Tee,Regular,Short Sleeve,13
35,B0D97VJD7D,https://www.amazon.com/dp/B0D97VJD7D,Oversized Tshirts for Women V Neck Short Sleeve Summer Casual Basic Loose Tops 2026,rosemia,13.99,$13.99,4.6,4007,"July 23, 2024",V-Neck T-Shirt,Loose/Oversized,Short Sleeve,13
36,B0FY2R33PL,https://www.amazon.com/dp/B0FY2R33PL,Zeagoo Womens Summer Tops V Neck Short Sleeve Shirts Dressy Casual Blouse Spring Vacation Tshirts Clothes,Zeagoo,7.99,$7.99,4.4,715,"October 28, 2025",V-Neck T-Shirt,Regular,Short Sleeve,12
37,B0CNXCZ2MR,https://www.amazon.com/dp/B0CNXCZ2MR,Aokosor Womens V Neck Short Sleeve T Shirts Summer Tops 2025 Casual Loose Tees Trending Now S-4XL,Aokosor,8.99,$8.99,4.4,3996,"January 23, 2024",V-Neck T-Shirt,Loose/Oversized,Short Sleeve,13
38,B0DJ78WSYB,https://www.amazon.com/dp/B0DJ78WSYB,WIHOLL Womens Summer Tops Short Dolman Sleeve Shirts 2026 Fashion V Neck Outfits Clothes,WIHOLL,7.99,$7.99,4.4,5279,"November 21, 2024",Other T-Shirt,Regular,Short Sleeve,12
39,B0FX9YYLJL,https://www.amazon.com/dp/B0FX9YYLJL,Sampeel Short Sleeve Shirts for Women V Neck Summer Ribbed Tshirts 2026 Slim Fit Spring Fashion Going Out Basic Tees,Sampeel,7.63,$7.63,4.3,251,"December 10, 2025",V-Neck T-Shirt,Fitted/Slim,Short Sleeve,10
40,B0FXKPN6XN,https://www.amazon.com/dp/B0FXKPN6XN,WIHOLL Womens T Shirts Loose Fit Short Sleeve Tees V Neck Color Block Summer Tops 2026 Fashion S-4XL,WIHOLL,7.98,$7.98,4.6,368,"December 19, 2025",V-Neck T-Shirt,Loose/Oversized,Short Sleeve,12
41,B0BW2Z7CC8,https://www.amazon.com/dp/B0BW2Z7CC8,Abardsion Women's Casual Basic Going Out Crop Tops Slim Fit Short Sleeve Crew Neck Tight T Shirts 2026,Abardsion,9.99,$9.99,4.4,6368,"February 17, 2023",Crop Top,Fitted/Slim,Crop,13
42,B0FR91VPJQ,https://www.amazon.com/dp/B0FR91VPJQ,WIHOLL Womens Tops Dressy Casual Petal Sleeve Summer Spring Short Sleeve V Neck Shirts Work Business Vacation Clothes 2026,WIHOLL,8.98,$8.98,4.5,267,"November 20, 2025",V-Neck T-Shirt,Regular,Short Sleeve,12
43,B0DJ2ZJMY1,https://www.amazon.com/dp/B0DJ2ZJMY1,ANRABESS Women Short Sleeve Crewneck Ribbed Knit Slim Fitted Shirts Summer Tops Basic Tee Casual 2026 Spring Outfits Clothes,ANRABESS,8.99,$8.99,4.5,1797,"November 1, 2024",Fitted / Slim Tee,Fitted/Slim,Short Sleeve,13
44,B0D1VDZ6JS,https://www.amazon.com/dp/B0D1VDZ6JS,YEOREO Women Fitted Workout Tops Short Sleeve Double Lined Basic Y2K Going Out Crew Neck Compression Crop Top,YEOREO,17.99,$17.99,4.5,1237,"May 20, 2024",Crop Top,Fitted/Slim,Crop,12
45,B0DKT4GLTS,https://www.amazon.com/dp/B0DKT4GLTS,WIHOLL Womens T Shirts Loose Fit Short Sleeve Tees Crew Neck Color Block Summer Tops 2026 Fashion,WIHOLL,7.98,$7.98,4.5,3368,"December 18, 2024",Oversized / Relaxed Fit,Loose/Oversized,Short Sleeve,11
46,B0DJT95HTV,https://www.amazon.com/dp/B0DJT95HTV,Tankaneo Womens Oversized Tshirts Summer Casual Short Sleeve Crew Neck T Shirt Loose Fit Side Slit Tee Tops,Tankaneo,12.98,$12.98,4.1,883,"December 30, 2024",Tank Top / Sleeveless,Loose/Oversized,Sleeveless,13
47,B0CT3FHSTP,https://www.amazon.com/dp/B0CT3FHSTP,Memorose Womens Short Sleeve Tops Summer T Shirts Round Neck Causal Fashion Basic Tee,Memorose,8.99,$8.99,4.5,2880,"May 7, 2024",Basic / Essential Tee,Regular,Short Sleeve,12
48,B0C42MBGYM,https://www.amazon.com/dp/B0C42MBGYM,Tankaneo Womens Short Sleeve Cropped T-Shirts Summer Rolled Dolman Sleeve Crop Tops Casual Round Neck Solid Short Basic Tees,Tankaneo,9.98,$9.98,4.5,1330,"May 2, 2023",Tank Top / Sleeveless,Regular,Sleeveless,12
49,B0D4YCXF8Q,https://www.amazon.com/dp/B0D4YCXF8Q,AUTOMET Women's Ribbed Long Sleeve Basic Top - Soft Stretch Crewneck Shirt for Work & Casual,AUTOMET,7.99,$7.99,4.5,4638,"May 23, 2024",Long Sleeve T-Shirt,Regular,Long Sleeve,13
50,B0CXJ9B3JQ,https://www.amazon.com/dp/B0CXJ9B3JQ,"AUTOMET Women's Oversized Short Sleeve T Shirts Casual Drop Shoulder Rolled Cuff Summer Tops for Work, Travel and Lounge",AUTOMET,9.99,$9.99,4.4,5326,"March 8, 2024",Oversized / Relaxed Fit,Loose/Oversized,Short Sleeve,13
51,B095PL9XVP,https://www.amazon.com/dp/B095PL9XVP,Tankaneo Women Half Sleeve Cropped T-Shirts Drop Shoulder Round Neck Crop Tops Casual Summer Solid Color Basic Tees,Tankaneo,13.98,$13.98,4.3,5654,"May 24, 2021",Tank Top / Sleeveless,Regular,Sleeveless,11
52,B0CTH3VGWJ,https://www.amazon.com/dp/B0CTH3VGWJ,XIEERDUO Cotton Tshirts for Women Drop Shoulder Round Neck Oversized Crop Tops Workout Tops Tees,XIEERDUO,14.99,$14.99,4.5,1060,"December 10, 2023",Crop Top,Loose/Oversized,Crop,10
53,B0DSC6NHZP,https://www.amazon.com/dp/B0DSC6NHZP,GAYHAY Shirts for Women - Slim Fit Short Sleeve Crop Top Crew Neck Casual Basic Tees Spring Summer Fashion Clothing 2026,GAYHAY,6.98,$6.98,4.4,751,"May 21, 2025",Crop Top,Fitted/Slim,Crop,11
54,B09NM4M3N9,https://www.amazon.com/dp/B09NM4M3N9,PRETTYGARDEN Women's Short Sleeve Casual T Shirts Summer Ruffle Plain Round Neck Loose Fit Tee Blouse Tops,PRETTYGARDEN,10.43,$10.43,4.3,7620,"January 7, 2022",Oversized / Relaxed Fit,Loose/Oversized,Short Sleeve,13
55,B0DP23SNG6,https://www.amazon.com/dp/B0DP23SNG6,OFEEFAN Womens T Shirts Short Sleeve Tops Dressy Casual Blouses Spring Summer Outfits Flowy Pleated Front Scooped Neck,OFEEFAN,9.99,$9.99,4.4,9385,"November 4, 2024",Other T-Shirt,Loose/Oversized,Short Sleeve,11
56,B0BBL187VL,https://www.amazon.com/dp/B0BBL187VL,Women's Oversize Workout Crop Tops Casual Short Sleeve Drop Shoulder Boxy T-Shirts Roll Hem Basic Loose Yoga Running Tees,HUGOOME,14.99,$14.99,4.4,2296,"August 23, 2022",Crop Top,Loose/Oversized,Crop,10
57,B0DHQLDX43,https://www.amazon.com/dp/B0DHQLDX43,Dokotoo Womens Summer Tops 2026 Striped Color Block Short Sleeve Fashion T-Shirts Crewneck Casual Loose Basic Tee Blouses,Dokotoo,14.98,$14.98,4.2,1232,"November 11, 2024",Oversized / Relaxed Fit,Loose/Oversized,Short Sleeve,13
58,B0CGRCBKVX,https://www.amazon.com/dp/B0CGRCBKVX,ATHMILE Womens Oversized T Shirts Casual Tee Workout Tops Gym Clothes Summer Loose Fit Short Sleeve Graphics Basic Y2K 2026,ATHMILE,9.99,$9.99,4.5,5250,"November 13, 2023",Graphic/Print Tee,Loose/Oversized,Short Sleeve,13
59,B0FXGFF55M,https://www.amazon.com/dp/B0FXGFF55M,SHEWIN Women's Summer Tops V Neck Short Sleeve T-Shirts Colorblock Casual Tees 2026 Clothes,SHEWIN,9.99,$9.99,4.1,170,"October 23, 2025",V-Neck T-Shirt,Regular,Short Sleeve,13
60,B0DQBZ537S,https://www.amazon.com/dp/B0DQBZ537S,Dalavch 6 Pack Women's Crop Top Short Sleeve Athletic Workout Yoga Running Gym Casual Tees T-Shirts Loose Fit,Dalavch,33.28,$33.28,4.7,1018,"June 24, 2024",Crop Top,Loose/Oversized,Crop,12
