rank,asin,url,title,brand,price,price_text,rating,review_count,date_first_available_raw,bsr_rank_text,style_category,color_variant_count,date_parsed,year,month,month_name,style
1,B07BJ83S2Q,https://www.amazon.com/dp/B07BJ83S2Q,Amazon Essentials Women's Lightweight Crewneck Cardigan Sweater (Available in Plus Size),Amazon Essentials,47.5,"$15
80",4.4,18765,"June 2, 2020",,Cardigan,15,2020-06-02,2020,6,June,Cardigan
2,B0CY29GF1H,https://www.amazon.com/dp/B0CY29GF1H,Arach&Cloz Women's Lightweight Wool Blend Short Sleeve Sweater Top Business Casual,Arach&Cloz,59.0,"$19
99",4.6,2692,"March 14, 2024",#141 in Clothing,Other Sweater,15,2024-03-14,2024,3,March,Short Sleeve Sweater
3,B07F2HXZ4Y,https://www.amazon.com/dp/B07F2HXZ4Y,Amazon Essentials Women's Lightweight Long Sleeve Open-Front Cardigan Sweater (Available in Plus Size),Amazon Essentials,25.0,"$10
40",4.4,27442,"May 1, 2025",,Cardigan,15,2025-05-01,2025,5,May,Cardigan
4,B0CKSXYP3L,https://www.amazon.com/dp/B0CKSXYP3L,GRECERELLE Women's Long Sleeve V-Neck Button Down Cardigan Knit Shrugs Sweater,GRECERELLE,56.5,"$14
99",4.6,6126,"January 4, 2018",#331 in Clothing,Cardigan,14,2018-01-04,2018,1,January,Cardigan
5,B0DC9Y7CRT,https://www.amazon.com/dp/B0DC9Y7CRT,Tankaneo Womens V Neck Tank Tops 2026 Sleeveless Ribbed Knit Shirts Summer Casual Sexy Sweater Vest,Tankaneo,56.5,"$14
99",4.3,1125,"December 26, 2023",#207 in Clothing,V-Neck,14,2023-12-26,2023,12,December,V-Neck Sweater
6,B0FF28JKR7,https://www.amazon.com/dp/B0FF28JKR7,Yincro Womens Lightweight Cardigan Long Sleeve Open Front Casual Sweater Cardigans with Pockets,Yincro,53.5,"$9
98",4.5,1615,"July 14, 2025",#539 in Clothing,Cardigan,11,2025-07-14,2025,7,July,Cardigan
7,B07TSY85ZZ,https://www.amazon.com/dp/B07TSY85ZZ,Omoone Women's 3/4 Sleeve Modern Denim Crop Top Tie Knot Shirt Cardigan,Omoone,59.5,"$23
96",4.3,9193,"June 29, 2019",#708 in Clothing,Cardigan,15,2019-06-29,2019,6,June,Cardigan
8,B0F8HSFBSC,https://www.amazon.com/dp/B0F8HSFBSC,"LETDIOSTO Cropped Cardigan Bolero Shrug for Women, Button Down Long Sleeve Knit Sweater for Dresses,for Jeans, XS to XL",LETDIOSTO,59.0,"$19
99",4.6,767,"May 13, 2025",#804 in Clothing,Cardigan,15,2025-05-13,2025,5,May,Cardigan
9,B0CYZWTPZQ,https://www.amazon.com/dp/B0CYZWTPZQ,Kate Kasin Women Short Sleeve Polo Sweater V Neck Knitted Tops Casual Ribbed Shirt Loose Pullover Sweater,Kate Kasin,57.0,"$18
96",4.4,1638,"March 11, 2022",#554 in Clothing,Pullover / Crew Neck,15,2022-03-11,2022,3,March,V-Neck Sweater
10,B0FK9TTRY1,https://www.amazon.com/dp/B0FK9TTRY1,RUMIA Short Sleeve Sweaters for Women Lightweight Loose Business Casual Tops (XS-XXL),RUMIA,55.0,"$11
99",4.5,87,"March 13, 2026",#809 in Clothing,Oversized / Chunky,14,2026-03-13,2026,3,March,Short Sleeve Sweater
11,B0FSRGPMNJ,https://www.amazon.com/dp/B0FSRGPMNJ,Dokotoo Womens Summer Short Sleeve Crochet Tops Hollow Out Floral Beach Vacation Clothes Cruise Outfits,Dokotoo,56.5,"$14
99",4.5,256,"November 16, 2025",#873 in Clothing,Other Sweater,15,2025-11-16,2025,11,November,Short Sleeve Sweater
12,B07F28R9CN,https://www.amazon.com/dp/B07F28R9CN,Amazon Essentials Women's Lightweight V-Neck Cardigan Sweater,Amazon Essentials,11.0,"$12
10",4.4,24435,"November 22, 2019",,Cardigan,15,2019-11-22,2019,11,November,Cardigan
13,B0F23LBKY4,https://www.amazon.com/dp/B0F23LBKY4,WIHOLL Short Sleeve Sweater for Women V Neck Trendy Summer Tops 2026 Beach Vacation Clothes Travel Business Casual Outfits,WIHOLL,55.5,"$12
99",4.5,1474,"March 14, 2025",#865 in Clothing,V-Neck,14,2025-03-14,2025,3,March,V-Neck Sweater
14,B0B82XNJDF,https://www.amazon.com/dp/B0B82XNJDF,GRACE KARIN Womens Long Sleeve Knit Cardigan Sweaters Casual Dressy Open Front Button Down Cardigans Spring Outfits,GRACE KARIN,59.0,"$19
99",4.5,2660,"April 1, 2021","#1,036 in Clothing",Cardigan,13,2021-04-01,2021,4,April,Cardigan
15,B0FV87WNGK,https://www.amazon.com/dp/B0FV87WNGK,OFEEFAN Short Sleeve Sweater for Women V Neck Lightweight Sweaters Fashion Clothing Business Casual Outfits,OFEEFAN,55.5,"$12
99",4.4,143,"December 4, 2025","#1,048 in Clothing",V-Neck,14,2025-12-04,2025,12,December,V-Neck Sweater
16,B0BQW1FWXK,https://www.amazon.com/dp/B0BQW1FWXK,Saodimallsu Womens Summer Cap Sleeve Tops Casual Crew Neck Loose Fit Knit Lightweight Sweater Pullover Top,Saodimallsu,54.0,"$9
99",4.4,2837,"December 22, 2022","#1,168 in Clothing",Pullover / Crew Neck,13,2022-12-22,2022,12,December,Pullover/Crew Neck
17,B0DCW38YR7,https://www.amazon.com/dp/B0DCW38YR7,Trendy Queen Cropped Cardigan Sweaters for Women Lightweight Y2k Fall Outfits Spring Fashion Clothes 2026,Trendy Queen,64.0,"$29
99",4.5,1177,"August 12, 2024","#1,451 in Clothing",Cardigan,15,2024-08-12,2024,8,August,Cardigan
18,B0DPX85FYF,https://www.amazon.com/dp/B0DPX85FYF,Saodimallsu Womens Spring Oversized Cardigans Batwing Short Sleeve Lightweight Button V Neck Casual Knit Sweater Tops,Saodimallsu,37.0,"$25
49",4.4,766,"January 17, 2025","#1,581 in Clothing",Cardigan,14,2025-01-17,2025,1,January,Cardigan
19,B0B8D279W3,https://www.amazon.com/dp/B0B8D279W3,PRETTYGARDEN Women's Chunky Knit Open Front Sweater Long Sleeve Button Loose Short Cardigan Outerwear Coats,PRETTYGARDEN,63.5,"$29
98",4.4,4159,"August 27, 2022","#1,699 in Clothing",Cardigan,15,2022-08-27,2022,8,August,Cardigan
20,B0G1BK1J3B,https://www.amazon.com/dp/B0G1BK1J3B,Sampeel Womens Short Sleeve Sweater Mock Neck Summer Top Dressy Casual Basic Knit Pullover Shirt,Sampeel,62.0,"$25
99",4.2,86,"January 19, 2026","#1,395 in Clothing",Turtleneck / Mock Neck,11,2026-01-19,2026,1,January,Turtleneck/Mock Neck
21,B0C748SWT3,https://www.amazon.com/dp/B0C748SWT3,Imily Bela Women's Cable Short Sleeve Sweaters Tops Solid Lapel V Neck Knit Casual Soft Pullover Shirt,Imily Bela,35.0,"$24
46",4.3,2267,"June 5, 2023","#1,638 in Clothing",Pullover / Crew Neck,12,2023-06-05,2023,6,June,V-Neck Sweater
22,B0FZJRXZP1,https://www.amazon.com/dp/B0FZJRXZP1,SHEWIN Womens Tops Crewneck Short Sleeve Sweater Pullover Knit Striped Shirt Spring Outfits for Women 2026,SHEWIN,58.5,"$19
98",4.5,84,"November 4, 2025","#1,482 in Clothing",Pullover / Crew Neck,15,2025-11-04,2025,11,November,Pullover/Crew Neck
23,B0FD9P1HYQ,https://www.amazon.com/dp/B0FD9P1HYQ,Yeokou Womens Short Sleeve Sweater Round Neck Ruffled Hem Knit Crochet Pullover Summer Fall Casual Top Blouse,Yeokou,17.5,"$26
09",4.4,385,"June 16, 2025","#1,601 in Clothing",Pullover / Crew Neck,15,2025-06-16,2025,6,June,Pullover/Crew Neck
24,B0DQ7XXXPD,https://www.amazon.com/dp/B0DQ7XXXPD,QUALFORT Women's 100% Cotton Lightweight Cardigans Long Sleeve Knitted Button Down Sweater,QUALFORT,59.0,"$19
99",4.3,771,"December 12, 2024","#1,704 in Clothing",Cardigan,15,2024-12-12,2024,12,December,Cardigan
25,B0FD9V2D85,https://www.amazon.com/dp/B0FD9V2D85,EVALESS Cardigan Sweaters for Women Wool Blend Lightweight Trendy Long Sleeve Lapel Collar Button Down Sweater Cardigans,EVALESS,58.5,"$19
98",4.3,447,"July 7, 2025","#1,718 in Clothing",Cardigan,15,2025-07-07,2025,7,July,Cardigan
26,B0DJSN933Q,https://www.amazon.com/dp/B0DJSN933Q,WIHOLL Women's Puff Short Sleeve Sweater 2026 Spring Summer Tops Trendy Business Causal Outfits Work Blouses Clothes,WIHOLL,55.5,"$12
99",4.3,1911,"December 8, 2024",#997 in Clothing,Other Sweater,14,2024-12-08,2024,12,December,Short Sleeve Sweater
27,B0DLT3VC43,https://www.amazon.com/dp/B0DLT3VC43,ANRABESS Womens Short Sleeve Sweaters Wool Blend Crew Neck Sweater Shirts Business Casual Work Tops 2026 Summer Outfits,ANRABESS,59.0,"$19
99",4.4,907,"November 2, 2024","#1,823 in Clothing",Pullover / Crew Neck,15,2024-11-02,2024,11,November,Pullover/Crew Neck
28,B08T7P3SM7,https://www.amazon.com/dp/B08T7P3SM7,Amazon Essentials Women's Long-Sleeve Lightweight Crewneck Sweater (Available in Plus Size),Amazon Essentials,11.0,"$12
10",4.4,25352,"February 1, 2024",,Pullover / Crew Neck,15,2024-02-01,2024,2,February,Pullover/Crew Neck
29,B085G81NF7,https://www.amazon.com/dp/B085G81NF7,"QUALFORT Women's 100% Cotton Sweater, Basic Lightweight Long Sleeve Pullover",QUALFORT,59.0,"$19
99",4.3,4517,"March 4, 2020","#2,091 in Clothing",Pullover / Crew Neck,15,2020-03-04,2020,3,March,Pullover/Crew Neck
30,B0BXWNXYYB,https://www.amazon.com/dp/B0BXWNXYYB,Argstar Women's 3/4 Sleeve Cardigan (S-3XL),Argstar,55.5,"$12
99",4.2,3463,"April 9, 2023","#1,923 in Clothing",Cardigan,14,2023-04-09,2023,4,April,Cardigan
31,B0D2NSKSY7,https://www.amazon.com/dp/B0D2NSKSY7,PRETTYGARDEN Womens Long Sleeve Quarter Zip Pullover Sweater Casual Loose V Neck Collared Ribbed Knit Jumper Tops Thumb Hole,PRETTYGARDEN,66.0,"$34
98",4.5,2734,"April 25, 2024","#3,117 in Clothing",Pullover / Crew Neck,14,2024-04-25,2024,4,April,V-Neck Sweater
32,B0DYCPFS6Y,https://www.amazon.com/dp/B0DYCPFS6Y,YSYOKOW Womens Open Front Long Cardigan 3/4 Sleeve Lightweight Knit Cardigan Casual Layering Spring Summer,YSYOKOW,8.5,"$8
09",4.3,214,"March 27, 2025","#2,960 in Clothing",Cardigan,15,2025-03-27,2025,3,March,Cardigan
33,B09MLD4LCZ,https://www.amazon.com/dp/B09MLD4LCZ,Mafulus Women's Crochet Cardigan Kimono Boho Long Sleeve Lightweight Soft Oversized Open Front Knitted Sweater,Mafulus,63.5,"$29
98",4.2,3869,"April 15, 2020","#3,096 in Clothing",Cardigan,12,2020-04-15,2020,4,April,Cardigan
34,B0FCLL8CDQ,https://www.amazon.com/dp/B0FCLL8CDQ,Springrain Cardigan Sweaters for Women Lightweight Knit Cropped Cardigan Button Up Solid Knitwear,Springrain,62.5,"$26
99",4.1,182,"June 10, 2025","#2,963 in Clothing",Cardigan,15,2025-06-10,2025,6,June,Cardigan
35,B0F4D4QZBX,https://www.amazon.com/dp/B0F4D4QZBX,Trendy Queen Lightweight Cardigan Sweaters for Women,Trendy Queen,67.0,"$35
99",4.5,966,"April 10, 2025","#3,184 in Clothing",Cardigan,11,2025-04-10,2025,4,April,Cardigan
36,B0DMF5D7QN,https://www.amazon.com/dp/B0DMF5D7QN,Dokotoo Womens Floral Fashion Summer Tops 2026 Short Sleeve Crochet Sweaters Swimsuit Cover Ups Lightweight Knit Pullover,Dokotoo,63.5,"$28
99",4.6,715,"December 31, 2024","#2,583 in Clothing",Pullover / Crew Neck,14,2024-12-31,2024,12,December,Pullover/Crew Neck
37,B0D8475BJ9,https://www.amazon.com/dp/B0D8475BJ9,GRACE KARIN Womens Long Sleeve Button Up Cable Knit Cardigan Lightweight 2026 Crewneck Button Down Sweaters for Women,GRACE KARIN,60.5,"$22
99",4.6,879,"July 12, 2024","#3,400 in Clothing",Cardigan,15,2024-07-12,2024,7,July,Cable Knit
38,B0FY2ZXHGK,https://www.amazon.com/dp/B0FY2ZXHGK,Dokotoo Women's Casual V Neck Short Sleeve Sweater Ribbed Knit Lightweight Sweaters Tops Fashion Clothing Outfits,Dokotoo,55.0,"$22
88",4.3,123,"October 28, 2025","#3,173 in Clothing",V-Neck,15,2025-10-28,2025,10,October,V-Neck Sweater
39,B0DT952BVG,https://www.amazon.com/dp/B0DT952BVG,Women's Cropped Cardigan Sweaters Crew Neck Button Down Open Front Knit Bolero Shrugs,Casuashion,59.0,"$19
99",4.4,397,"January 17, 2025","#3,431 in Clothing",Cardigan,14,2025-01-17,2025,1,January,Cardigan
40,B0CL3WQKSB,https://www.amazon.com/dp/B0CL3WQKSB,JOKELAMB Women's Bolero Shrug Cropped Cardigan Knit Sweaters Open Front Casual Elegant Jacket for Dresses,JOKELAMB,59.0,"$19
99",4.4,1177,"October 16, 2023","#2,924 in Clothing",Cardigan,14,2023-10-16,2023,10,October,Cardigan
41,B0FWQYGP7Q,https://www.amazon.com/dp/B0FWQYGP7Q,Saodimallsu Womens Ribbed Knit Tank Top Summer Sleeveless Square Neck Casual Basic Slimming Sweater Vest Tops,Saodimallsu,55.0,"$13
97",4.6,59,"December 21, 2025","#3,564 in Clothing",Ribbed,15,2025-12-21,2025,12,December,Ribbed Knit
42,B0FJ62FTYC,https://www.amazon.com/dp/B0FJ62FTYC,QIXING Women's Sweater Cardigan Open Front Lightweight Cardigan Long Sleeve Cardigans with Pockets,QIXING,8.5,"$7
10",4.3,769,"August 14, 2025","#3,645 in Clothing",Cardigan,14,2025-08-14,2025,8,August,Cardigan
43,B0D8VFWJXS,https://www.amazon.com/dp/B0D8VFWJXS,ANRABESS Sweaters for Women Long Sleeve Lightweight Crewneck Soft Basic Knit Loose Fit Pullover Top 2025 Fall Trendy Outfits,ANRABESS,59.0,"$19
99",4.4,1721,"July 5, 2024","#3,674 in Clothing",Pullover / Crew Neck,15,2024-07-05,2024,7,July,Pullover/Crew Neck
44,B0G1MFGG6R,https://www.amazon.com/dp/B0G1MFGG6R,Dokotoo Womens Sweaters Spring Summer Oversized 3/4 Sleeve Striped Crewneck Casual Lightweight Knit Pullover Sweater Tops,Dokotoo,60.0,"$22
98",4.4,104,"December 9, 2025","#3,693 in Clothing",Pullover / Crew Neck,15,2025-12-09,2025,12,December,Oversized/Chunky
45,B0FX2SW7J2,https://www.amazon.com/dp/B0FX2SW7J2,Saodimallsu Womens Crochet Crop Tank Tops Sleeveless Fringe Crew Neck Trendy Boho Knit Summer Sweater Vest,Saodimallsu,64.5,"$31
98",4.5,91,"January 7, 2026","#3,707 in Clothing",Pullover / Crew Neck,14,2026-01-07,2026,1,January,Crop Sweater
46,B0DBL7QGNN,https://www.amazon.com/dp/B0DBL7QGNN,SCUSTY Women's Lightweight Cardigan Short Sleeve Button-Down Summer Cardigan Sweater,SCUSTY,63.0,"$27
99",4.1,269,"July 30, 2024","#3,690 in Clothing",Cardigan,15,2024-07-30,2024,7,July,Cardigan
47,B0CR6K25K6,https://www.amazon.com/dp/B0CR6K25K6,Kate Kasin Women Crochet Shrug Sweater Tie Front Knit Bolero Shrug for Dress Short Sleeve Cropped Cardigan,Kate Kasin,59.0,"$19
99",4.5,594,"December 29, 2023","#3,608 in Clothing",Cardigan,15,2023-12-29,2023,12,December,Cardigan
48,B0C6XVW6G5,https://www.amazon.com/dp/B0C6XVW6G5,ZNVGIRL Women Shrug Chiffon Cardigans Open Front Short Sleeve Bolero for Evening Dressy 2026,ZNVGIRL,55.5,"$12
99",4.2,1645,"November 11, 2024","#3,854 in Clothing",Cardigan,15,2024-11-11,2024,11,November,Cardigan
49,B0G8D8C9TP,https://www.amazon.com/dp/B0G8D8C9TP,WIHOLL Womens Lightweight Sweater Spring Summer Outfits Cap Sleeve Hollow Out Knit Fashion Clothing Resort Wear 2026,WIHOLL,56.5,"$14
99",4.4,61,"December 18, 2025","#3,009 in Clothing",Other Sweater,14,2025-12-18,2025,12,December,Other Sweater
50,B0D7W13SB4,https://www.amazon.com/dp/B0D7W13SB4,Heymoments Women's Thin Shrugs 3/4 Sleeve Lightweight Cropped Tops Open Front Cardigan for Dress,Heymoments,55.5,"$14
97",4.4,1360,"September 15, 2024","#4,034 in Clothing",Cardigan,14,2024-09-15,2024,9,September,Cardigan
51,B0BF9HND69,https://www.amazon.com/dp/B0BF9HND69,Bettysays Women's 3/4 Sleeve Open Front Cropped Cardigan Sweater Elegant Shrugs for Women,Bettysays,61.5,"$24
99",4.5,2920,"September 14, 2022","#4,218 in Clothing",Cardigan,15,2022-09-14,2022,9,September,Cardigan
52,B0FYD8H7V9,https://www.amazon.com/dp/B0FYD8H7V9,Dokotoo Women’s Short Sleeve Sweaters Tops Oversized Summer Casual Ruffled Hem Knit Pullover Cute Solid Color Crochet Blouses,Dokotoo,58.5,"$19
98",4.1,82,"December 15, 2025","#3,765 in Clothing",Pullover / Crew Neck,15,2025-12-15,2025,12,December,Oversized/Chunky
53,B0DPGZDXV9,https://www.amazon.com/dp/B0DPGZDXV9,PRETTYGARDEN Womens Spring Tops 2026 Summer Shirts Crochet Cap Sleeve Sweater Pullover Cute Beach Vacation Clothes,PRETTYGARDEN,62.0,"$25
99",4.5,1020,"January 1, 2025","#3,663 in Clothing",Pullover / Crew Neck,15,2025-01-01,2025,1,January,Pullover/Crew Neck
54,B0DJM7983N,https://www.amazon.com/dp/B0DJM7983N,ANRABESS Women’s Tops 2026 Trendy Summer Shirts Crochet Cap Sleeve Knitted Sweater Spring Beach Vacation Clothes,ANRABESS,58.0,"$17
99",4.4,242,"October 7, 2024","#4,050 in Clothing",Other Sweater,15,2024-10-07,2024,10,October,Other Sweater
55,B0FGXJ5FBG,https://www.amazon.com/dp/B0FGXJ5FBG,Women's Cardigan Sweaters Lightweight Crew Neck Button Down Long Sleeve Spring Outfits Fashion Clothing 2026,Bellcoco,56.5,"$14
99",4.4,326,"August 28, 2025","#4,269 in Clothing",Cardigan,15,2025-08-28,2025,8,August,Cardigan
56,B0CMXQSBJ4,https://www.amazon.com/dp/B0CMXQSBJ4,Dokotoo Women's 2026 Spring Summer Crochet Hollow Out 3/4 Sleeve Pullover Sweater Off Shoulder T-Shirts,Dokotoo,23.0,"$27
19",4.3,1814,"November 15, 2023","#3,299 in Clothing",Pullover / Crew Neck,14,2023-11-15,2023,11,November,Pullover/Crew Neck
57,B0CPVKD2GJ,https://www.amazon.com/dp/B0CPVKD2GJ,KIRUNDO Spring Summer Short Sleeve Sweater for Women 2026 Casual Sweater Vest Cotton Knit Pullover Tank Tops Fashion Clothing,KIRUNDO,62.5,"$26
99",4.4,876,"February 6, 2024","#4,488 in Clothing",Pullover / Crew Neck,15,2024-02-06,2024,2,February,Pullover/Crew Neck
58,B0D9V93H65,https://www.amazon.com/dp/B0D9V93H65,PRETTYGARDEN Womens Oversized Cardigan Sweaters 2026 Fall Long Lantern Sleeve Knit Open Front Lightweight Sweater,PRETTYGARDEN,33.5,"$29
38",4.5,2158,"August 29, 2024","#4,571 in Clothing",Cardigan,15,2024-08-29,2024,8,August,Cardigan
59,B0FYG6RBFZ,https://www.amazon.com/dp/B0FYG6RBFZ,Zeagoo Women's Short Sleeve Sweater 2026 Spring Summer V Neck Lightweight Tops Dressy Blouses Business Casual Outfits,Zeagoo,62.0,"$30
94",4.6,259,"December 5, 2025","#4,474 in Clothing",V-Neck,14,2025-12-05,2025,12,December,V-Neck Sweater
60,B07D32DW4B,https://www.amazon.com/dp/B07D32DW4B,GRACE KARIN Women's Long Sleeve Button Down Crew Neck Classic Sweater Knit Cardigan,GRACE KARIN,46.5,"$13
80",4.4,12650,"March 11, 2019","#4,654 in Clothing",Cardigan,15,2019-03-11,2019,3,March,Cardigan
